action_cost,miss_fraction,effectiveness,model_alert_rate,model_saving_per_week,lookup_alert_rate,lookup_saving_per_week,rule_alert_rate,rule_saving_per_week,flag_all_saving_per_week,model_minus_lookup_per_week,model_minus_rule_per_week
2.0,0.05,0.3,0.5947517404942239,934.9800974751118,0.577614566597812,936.7648013794043,0.37900696197689543,612.8746414768714,723.472286662317,-1.784703904292428,322.1054559982405
2.0,0.05,0.5,0.7342972993650065,1925.98727059734,0.7275648381914162,1927.8785053814186,0.37900696197689543,1237.520041090735,1775.8619107923344,-1.891234784078506,688.467229506605
2.0,0.05,0.7,0.7815010328207482,2956.52197136476,0.7808889908958764,2957.017366907614,0.37900696197689543,1862.1654407045994,2828.2515349223518,-0.49539554285411214,1094.3565306601604
2.0,0.1,0.3,0.7667355213832148,2438.3636758989433,0.7496748527274119,2438.7103880402924,0.37900696197689543,1549.842740897668,2302.056722857344,-0.3467121413491441,888.5209350012753
2.0,0.1,0.5,0.7984851962359422,4511.875026862295,0.7929768189120955,4511.453064257953,0.37900696197689543,2799.1335401253955,4406.835971117379,0.4219626043422977,1712.7414867368998
2.0,0.1,0.7,0.8435467829546324,6595.862090292958,0.8443883406013312,6596.374356168238,0.37900696197689543,4048.424339353124,6511.615219377414,-0.5122658752798088,2547.4377509398337
2.0,0.2,0.3,0.8238084308775151,5551.572578266607,0.8238849361181241,5551.838270818211,0.37900696197689543,3423.778939739261,5459.225595247399,-0.2656925516039337,2127.7936385273456
2.0,0.2,0.5,0.8620610511820059,9734.255680626178,0.8588478310764287,9734.06713857213,0.37900696197689543,5922.360538194716,9668.784091767468,0.18854205404750246,3811.895142431462
2.0,0.2,0.7,0.90383291255451,13928.798817362082,0.899395608599189,13928.038682794364,0.37900696197689543,8420.942136650174,13878.342588287538,0.7601345677176141,5507.856680711908
5.0,0.05,0.3,0.2578991660928774,430.15737346591436,0.25675158748374266,435.6781950108756,0.37900696197689543,126.73445456098355,-559.1959376367485,-5.520821544961223,303.42291890493084
5.0,0.05,0.5,0.44021115446408077,1196.258181211846,0.43661540815545863,1199.3245409078436,0.37900696197689543,751.3798541748473,493.193686493269,-3.066359695997562,444.8783270369987
5.0,0.05,0.7,0.5714941473490934,2097.9771768114597,0.5450233340983858,2104.022529712404,0.37900696197689543,1376.0252537887116,1545.5833106232865,-6.045352900944181,721.9519230227481
5.0,0.1,0.3,0.5176344579603703,1639.6668395507002,0.5163338688700176,1641.4117662854624,0.37900696197689543,1063.70255398178,1019.3884985582787,-1.7449267347622026,575.9642855689201
5.0,0.1,0.5,0.673628643562084,3558.0852628102443,0.6744702012087828,3556.8673609104353,0.37900696197689543,2312.993353209508,3124.167746818314,1.2179018998090214,1245.0919096007365
5.0,0.1,0.7,0.7421008339071227,5582.64560237721,0.740494223854334,5584.354236854345,0.37900696197689543,3562.284152437236,5228.946995078349,-1.7086344771350923,2020.3614499399737
5.0,0.2,0.3,0.723892586642185,4563.136201455868,0.7275648381914162,4564.693459644378,0.37900696197689543,2937.638752823373,4176.557370948333,-1.557258188509877,1625.497448632495
5.0,0.2,0.5,0.7863973682197231,8684.49910940994,0.7876979573100757,8685.792801198619,0.37900696197689543,5436.220351278828,8386.115867468403,-1.2936917886781885,3248.278758131112
5.0,0.2,0.7,0.8082778670338918,12840.902098676865,0.8056001836125775,12839.24113591643,0.37900696197689543,7934.801949734286,12595.674363988473,1.660962760433904,4906.100148942579
10.0,0.05,0.3,0.06847219034503864,143.05827812842858,0.06625353836737817,140.76576167728686,0.37900696197689543,-683.4991902988295,-2696.976311468524,2.292516451141722,826.5574684272581
10.0,0.05,0.5,0.196618468365083,568.1733390434538,0.19340524825950578,571.7296660972825,0.37900696197689543,-58.85379068496572,-1644.5866873385066,-3.5563270538286815,627.0271297284195
10.0,0.05,0.7,0.3090811720602861,1199.9779099098293,0.3025782266085227,1206.4119578763853,0.37900696197689543,565.7916089288981,-592.1970632084891,-6.434047966555909,634.1863009809313
10.0,0.1,0.3,0.2578991660928774,860.3147469318287,0.25675158748374266,871.3563900217512,0.37900696197689543,253.4689091219671,-1118.391875273497,-11.041643089922445,606.8458378098617
10.0,0.1,0.5,0.44021115446408077,2392.516362423692,0.43661540815545863,2398.649081815687,0.37900696197689543,1502.7597083496946,986.387372986538,-6.132719391995124,889.7566540739974
10.0,0.1,0.7,0.5714941473490934,4195.954353622919,0.5450233340983858,4208.045059424808,0.37900696197689543,2752.050507577423,3091.166621246573,-12.090705801888362,1443.9038460454963
10.0,0.2,0.3,0.5176344579603703,3279.3336791014003,0.5163338688700176,3282.8235325709247,0.37900696197689543,2127.40510796356,2038.7769971165574,-3.4898534695244052,1151.9285711378402
10.0,0.2,0.5,0.673628643562084,7116.170525620489,0.6744702012087828,7113.734721820871,0.37900696197689543,4625.986706419016,6248.335493636628,2.435803799618043,2490.183819201473
10.0,0.2,0.7,0.7421008339071227,11165.29120475442,0.740494223854334,11168.70847370869,0.37900696197689543,7124.568304874472,10457.893990156697,-3.4172689542701846,4040.7228998799474
20.0,0.05,0.3,0.00803305026394308,8.230400965568228,0.00803305026394308,8.264702604772554,0.37900696197689543,-2303.9664800184555,-6972.537059132075,-0.03430163920432605,2312.1968809840237
20.0,0.05,0.5,0.047433249177568665,154.99161910485185,0.046591691530869866,154.32077204681923,0.37900696197689543,-1679.3210804045918,-5920.147435002058,0.6708470580326207,1834.3126995094437
20.0,0.05,0.7,0.10297605385968939,425.2415283339088,0.1062657792058756,437.54011771403617,0.37900696197689543,-1054.675680790728,-4867.75781087204,-12.298589380127396,1479.9172091246367
20.0,0.1,0.3,0.06847219034503864,286.11655625685717,0.06625353836737817,281.5315233545737,0.37900696197689543,-1366.998380597659,-5393.952622937048,4.585032902283444,1653.1149368545161
20.0,0.1,0.5,0.196618468365083,1136.3466780869076,0.19340524825950578,1143.459332194565,0.37900696197689543,-117.70758136993145,-3289.1733746770133,-7.112654107657363,1254.054259456839
20.0,0.1,0.7,0.3090811720602861,2399.9558198196587,0.3025782266085227,2412.8239157527705,0.37900696197689543,1131.5832178577962,-1184.3941264169782,-12.868095933111817,1268.3726019618625
20.0,0.2,0.3,0.2578991660928774,1720.6294938636574,0.25675158748374266,1742.7127800435023,0.37900696197689543,506.9378182439342,-2236.783750546994,-22.08328617984489,1213.6916756197234
20.0,0.2,0.5,0.44021115446408077,4785.032724847384,0.43661540815545863,4797.298163631374,0.37900696197689543,3005.5194166993892,1972.774745973076,-12.265438783990248,1779.5133081479948
20.0,0.2,0.7,0.5714941473490934,8391.908707245839,0.5450233340983858,8416.090118849615,0.37900696197689543,5504.101015154846,6182.333242493146,-24.181411603776723,2887.8076920909925
