model,fold,n_fit,n_val,pr_auc,pr_auc_tiebroken,roc_auc,recall@35%,precision@35%,saving_per_order@35%,brier
Majority class,1,8306,8304,0.5735789980732178,0.5733997536647097,0.5,0.3558681503254251,0.5832759807295251,6.377655185273327,0.24459261320880935
Majority class,2,16610,8304,0.5745423892100193,0.5764642292078908,0.5,0.3414378536994341,0.5605643496214728,6.012195646171795,0.24444843436387717
Majority class,3,24914,8304,0.5755057803468208,0.5769845743233197,0.5,0.3400292948315547,0.5591878871300757,5.99842697757998,0.2443049016253692
Majority class,4,33218,8304,0.5715317919075145,0.5702662530627992,0.5,0.3501896333754741,0.5719201651754989,6.233940165896865,0.24488775281338582
Majority class,5,41522,8304,0.5686416184971098,0.5700871866674104,0.5,0.3498517577297755,0.5684790089470062,6.415477320814304,0.24530945753758826
Rule: First/Second Class,1,8306,8304,0.7456442983109346,0.7940895641677536,0.7265649925651242,0.543355028343481,0.8905712319339298,5.856605795685557,0.30045761078998073
Rule: First/Second Class,2,16610,8304,0.7421895011573426,0.7904361863982492,0.721878835257096,0.5374135401383358,0.8823124569855472,5.757939310502241,0.3059971098265896
Rule: First/Second Class,3,24914,8304,0.7449020418544325,0.7916757475953506,0.7247662423813404,0.5394433982004604,0.887130075705437,5.692620607246532,0.3027456647398844
Rule: First/Second Class,4,33218,8304,0.7432602152981311,0.7906568901232733,0.724907777135836,0.5404551201011378,0.8826565726083965,5.726023786796319,0.30190269749518306
Rule: First/Second Class,5,41522,8304,0.7356283560347117,0.784471405627715,0.7198770926494679,0.5393900889453621,0.8764624913971094,5.781789380626684,0.30539499036608864
Rule: + Same Day cut-off,1,8306,8304,0.7626421888571726,0.8090976235673685,0.7470352843980028,0.5481839176989293,0.8984858912594632,6.4647421875993265,0.2769749518304432
Rule: + Same Day cut-off,2,16610,8304,0.759532682182092,0.8058021460697361,0.7428388017211495,0.5455879270593167,0.895732966276669,6.25441174256985,0.2819123314065511
Rule: + Same Day cut-off,3,24914,8304,0.76286530727192,0.8073713543567926,0.7465281172505599,0.5423728813559322,0.891947694425327,6.327474243760021,0.2776974951830443
Rule: + Same Day cut-off,4,33218,8304,0.7609364997999429,0.8063152483939318,0.7460835040637753,0.5488832701222082,0.8964211975223675,6.208371640804993,0.2776974951830443
Rule: + Same Day cut-off,5,41522,8304,0.7555491919997586,0.8022762295342991,0.7437017432212596,0.5470139771283354,0.8888506538196834,6.275500253334833,0.2782996146435453
Lookup: late rate by mode,1,8306,8304,0.8017421919922532,0.8559462702904785,0.7750476215661022,0.5521730002099517,0.9050240880935995,6.452212502536764,0.17418344989261386
Lookup: late rate by mode,2,16610,8304,0.7991516851297079,0.8537359606843443,0.7721808859937411,0.5495703206874869,0.9022711631108052,6.238047399175165,0.17552785623057063
Lookup: late rate by mode,3,24914,8304,0.8024836735866562,0.856791060990834,0.7750555251328582,0.5482318476668759,0.9015829318651066,6.302016933648691,0.17435417000179068
Lookup: late rate by mode,4,33218,8304,0.800353044670391,0.8552108255614203,0.7747897877731182,0.5512010113780025,0.9002064693737095,6.192320218574688,0.174247988996492
Lookup: late rate by mode,5,41522,8304,0.797432039517683,0.8523881614152431,0.7717327992496721,0.5506141465480728,0.8947006194081212,6.256608634069841,0.17598379695912555
Logistic regression,1,8306,8304,0.838603286979746,0.838603286979746,0.7451011316818199,0.5431450766323745,0.8902271163110805,5.830956951005762,0.1890362743281296
Logistic regression,2,16610,8304,0.8342635261426758,0.8342635261426758,0.7389670218984485,0.5411863341018655,0.8885065381968341,5.767313345951602,0.1899041356984717
Logistic regression,3,24914,8304,0.8401174614190495,0.8401174614190495,0.7474719035259164,0.5400711445909187,0.8881624225739848,5.633762284687705,0.1886787575406876
Logistic regression,4,33218,8304,0.8356020945316618,0.8356020945316618,0.7409601695294662,0.5406658238516645,0.8830006882312457,5.630412452337266,0.19114451027247326
Logistic regression,5,41522,8304,0.8356520688282347,0.8356520688282347,0.7444823888845138,0.542566709021601,0.8816242257398486,5.710333514835258,0.18906102675825656
Decision tree,1,8306,8304,0.8436863796270111,0.8579903504573986,0.7771134313776004,0.5511232416544195,0.903303509979353,6.268937450956932,0.18361906151659982
Decision tree,2,16610,8304,0.8348736772245999,0.8513786773516461,0.7661782256857419,0.547683923705722,0.8991741225051617,5.928507532941667,0.180081322191678
Decision tree,3,24914,8304,0.817740114727285,0.8563654287869988,0.774472181040278,0.5488595940573342,0.9026152787336545,5.582886559183857,0.17557985028527415
Decision tree,4,33218,8304,0.8335419258706105,0.8549550038946562,0.7722314368100754,0.5524652338811631,0.9022711631108052,5.854432686497252,0.1815623728886717
Decision tree,5,41522,8304,0.8298209001898509,0.8467785124412422,0.7612938805751662,0.5512494705633206,0.895732966276669,5.958286855000899,0.17958510182557655
Random forest,1,8306,8304,0.8481099599620552,0.8481099599620552,0.7646137745279895,0.5465043040100777,0.895732966276669,5.925867357775269,0.18084683847670258
Random forest,2,16610,8304,0.8491278218847991,0.8491278218847991,0.7661337606564047,0.5481031230350032,0.8998623537508603,5.817453339551733,0.18008448034103797
Random forest,3,24914,8304,0.854559883481278,0.8545598834812779,0.774606278354325,0.54676710608914,0.8991741225051617,5.831964840525676,0.17705994679552736
Random forest,4,33218,8304,0.849240092462862,0.849240092462862,0.7681311820942318,0.5518331226295828,0.9012388162422574,5.825092008378756,0.1781103403051213
Random forest,5,41522,8304,0.8483961759164238,0.8483961759164238,0.7702569982010385,0.5529436679373146,0.8984858912594632,5.747874941956825,0.1790589692371882
Gradient boosting,1,8306,8304,0.8535962969890852,0.8535962969890853,0.7723190794047332,0.5486038211211421,0.8991741225051617,5.928377833282249,0.18571743422053014
Gradient boosting,2,16610,8304,0.854390032207895,0.854390050392906,0.7721330393677768,0.5499895200167679,0.9029593943565037,5.797903663573225,0.17840240120411233
Gradient boosting,3,24914,8304,0.8567899831632544,0.8567909214444512,0.7753244320972814,0.5478133500732371,0.9008947006194081,5.715483924773924,0.1759109739122734
Gradient boosting,4,33218,8304,0.8535572126733694,0.8535603472777435,0.7696891936098609,0.5535187526337969,0.9039917412250517,5.757126327353768,0.17812235163688453
Gradient boosting,5,41522,8304,0.8489444704910662,0.8489448301921303,0.7659358962443635,0.5535789919525624,0.899518238128011,5.808938647194183,0.17792324603280385
"SVM (RBF, Nystroem)",1,8306,8304,0.8360049598824035,0.8360049598824035,0.7441187284337762,0.5425152214990552,0.8891947694425327,5.947364346827889,
"SVM (RBF, Nystroem)",2,16610,8304,0.8345641224627435,0.8345641224627435,0.7417784931996981,0.5443303290714735,0.8936682725395733,5.7483049154500305,
"SVM (RBF, Nystroem)",3,24914,8304,0.8436105159670132,0.8436105159670132,0.7570912339594473,0.5457208621050429,0.8974535443909153,5.696298833280495,
"SVM (RBF, Nystroem)",4,33218,8304,0.8436394781248325,0.8436394781248325,0.7601719337866721,0.549936788874842,0.8981417756366139,5.777900593342863,
"SVM (RBF, Nystroem)",5,41522,8304,0.8430474423157183,0.8430474423157183,0.762827088995734,0.5455315544260907,0.8864418444597385,5.678672687110965,
Neural network (MLP),1,8306,8304,0.8389573441249272,0.8389573441249272,0.7500140372966971,0.5362166701658618,0.8788713007570543,5.9321495108497455,0.19436340142609435
Neural network (MLP),2,16610,8304,0.8373245041033516,0.8373245041033516,0.7467351426140916,0.5409767344372249,0.8881624225739848,5.747031433581478,0.19245280551900124
Neural network (MLP),3,24914,8304,0.851848340182418,0.851848340182418,0.7692279016204168,0.5427913789495711,0.8926359256710255,5.6080514202992875,0.1832571239820008
Neural network (MLP),4,33218,8304,0.8496908977168729,0.8496908977168729,0.7691116237169753,0.551622418879056,0.9008947006194081,5.808470981414458,0.18099971973679502
Neural network (MLP),5,41522,8304,0.8489875906286709,0.8489875906286709,0.7682589733457158,0.5495552731893265,0.8929800412938748,5.62128245217949,0.18112917529130854
