model,pr_auc_mean,pr_auc_std,pr_auc_tiebroken_mean,pr_auc_tiebroken_std,roc_auc_mean,roc_auc_std,recall@35%_mean,recall@35%_std,precision@35%_mean,precision@35%_std,saving_per_order@35%_mean,saving_per_order@35%_std,brier_mean,brier_std
Majority class,0.5727601156069364,0.0027320569223519505,0.573440399385226,0.003279695689768334,0.5,0.0,0.3474753379923327,0.00662096753490616,0.5686854783207158,0.009740964518034795,6.207539059147254,0.1966988479383902,0.24470863190980596,0.00039913562154953933
Rule: First/Second Class,0.7423248825311105,0.003981108950893206,0.7902659587824683,0.0035484543697562824,0.7235989879977729,0.002677873472198205,0.5400114351457554,0.0021699232332647576,0.883826565726084,0.005345434976108374,5.762995776171467,0.0621715279820285,0.30329961464354527,0.0023453306589904127
Rule: + Same Day cut-off,0.7603051740221772,0.002984568707270223,0.8061725203844257,0.0025165483469736247,0.7452374901309494,0.0018524137510954424,0.5464083946729443,0.0025788929530053675,0.894287680660702,0.0038504062575909852,6.306100013613805,0.0984670688932322,0.27851637764932563,0.001955544595769421
Lookup: late rate by mode,0.8002325269793383,0.0020231301947425304,0.854814455788464,0.0017603364213307003,0.7737613239430984,0.00165830882888177,0.550358065298078,0.0015175199686781084,0.9007570543702684,0.00381332282923464,6.288241137601029,0.09974621601758547,0.17485945241611853,0.0008362253814192176
Logistic regression,0.8368476875802736,0.002420353630500887,0.8368476875802736,0.002420353630500887,0.7433965231040329,0.003400361015772193,0.5415270176396849,0.0012919326047674414,0.8863041982105987,0.0037585870394805307,5.714555709763519,0.08654205534692785,0.18956494091960374,0.0009910639821109216
Decision tree,0.8319325995278716,0.009424398055361825,0.8534935945863884,0.004476861772810867,0.7702578310977725,0.006435268242892271,0.5502762927723919,0.001948285991985396,0.9006194081211287,0.0031576241560783065,5.918610216916122,0.24557610488232562,0.18008554174156005,0.0029672590740881916
Random forest,0.8498867867414835,0.002655706512354107,0.8498867867414835,0.0026557065123540553,0.768748398766798,0.003902019732789476,0.5492302647402237,0.002972065500738409,0.8988988300068824,0.0020416238092486106,5.829650497637652,0.0634819508883222,0.17903211503111546,0.0015116655775021773
Gradient boosting,0.8534555991049342,0.002844806006349144,0.8534564892592632,0.002844968128785877,0.7710803281448031,0.003501983681963861,0.5507008871595013,0.0027141044856738962,0.9013076393668273,0.002112881133242783,5.801566079235469,0.07989683641305588,0.17921528140132087,0.003765669407456978
"SVM (RBF, Nystroem)",0.8401733037505423,0.004497984838466997,0.8401733037505423,0.004497984838466997,0.7531974956750656,0.009609249248449537,0.5456069511953008,0.0027365448681244734,0.8929800412938746,0.005104059523121546,5.769708275202449,0.10696181810936568,,
Neural network (MLP),0.8453617353512481,0.00670033261540902,0.8453617353512481,0.00670033261540902,0.7606695357187794,0.011289608031146599,0.5442324951242081,0.00632204837603136,0.8907088781830694,0.008050393594217664,5.743397159664892,0.13519035769099128,0.18644044519104,0.006458837502833036
