model,pr_auc,pr_auc_tiebroken,roc_auc,recall@35%,precision@35%,saving_per_order@35%,brier,alert_rate@policy,recall@policy,precision@policy,f1@policy,accuracy@policy,saving_per_order@policy
Majority class,0.5717688271040036,0.5720102190157645,0.4983661725580325,0.3486396703250494,0.5705339939443985,3.0598346305751445,0.24470863190980593,1.0,1.0,0.5727601156069364,0.7283502549731244,0.5727601156069364,6.9879406779350814
Rule: First/Second Class,0.7423279123361366,0.7900361240485345,0.7235998645199881,0.5405575879904125,0.8845995045417011,5.7611998341807125,0.30329961464354527,0.3476878612716763,0.5387494218073252,0.8875034635633139,0.6704869560666719,0.6967003853564547,5.697999085811809
Rule: + Same Day cut-off,0.7603033483080286,0.8059372803527619,0.7452347831525099,0.5466548925612884,0.8945774841728599,6.30683995839389,0.27851637764932563,0.372471098265896,0.5820192590723687,0.8949886841254445,0.7053457677215512,0.7214836223506744,6.166367512345612
Lookup: late rate by mode,0.8398567679977281,0.8543150134443229,0.7729242886825872,0.5506496783146209,0.9011147811725846,6.070412894087314,0.17485945241611855,0.6481936416184971,0.7201547453849712,0.6363467469252777,0.6756618140213833,0.6039980732177264,8.625648760398564
Logistic regression,0.8363692359836745,0.8363692359836745,0.7431569910656569,0.5411462932593246,0.8855628956785027,5.70478970528505,0.18956494091960377,0.6470857418111753,0.7012320760270805,0.6206870882495255,0.6585057652819459,0.5834296724470135,8.373247707611247
Decision tree,0.8490670879127445,0.8541320371583522,0.7714923511683419,0.5508599301963752,0.9014588494357281,5.814932830340324,0.18008554174156005,0.6224470134874759,0.7014002775324839,0.645410927101068,0.6722418136020151,0.6082610789980732,8.466695789886572
Random forest,0.8498943379844381,0.849894337984438,0.768668657373536,0.5490097136369371,0.8984310487200661,5.8262612997462835,0.1790321150311155,0.6541425818882466,0.7161179092552878,0.6270250368188512,0.668616634930606,0.5934248554913295,8.532821857606873
Gradient boosting,0.8540688904615665,0.8540690748205442,0.7719712475650684,0.5503973760565157,0.9007018992568125,5.796669053636424,0.17921528140132087,0.6447495183044316,0.7157815062444809,0.6358610384759059,0.6734584874681016,0.6024325626204239,8.549926829334423
"SVM (RBF, Nystroem)",0.8387064802486552,0.8387064802486552,0.7528175832272633,0.5459820865396745,0.893476465730801,5.787226820988914,,0.994990366088632,0.9997056473655439,0.5754744384198296,0.7304625689398245,0.5774325626204239,7.028707211927036
Neural network (MLP),0.8451259991763967,0.8451259991763967,0.7601096409456588,0.5437534165930785,0.8898293421414809,5.733434623352028,0.18644044519104,0.6346579961464355,0.7019048820486944,0.6334484459792797,0.6659219660097343,0.5966281310211946,8.471456920019445
