model,feature,importance_mean,importance_std
Decision tree,shipping_mode,0.16378615693800513,0.001402778843365839
Decision tree,market,0.0,0.0
Decision tree,order_region,0.0,0.0
Decision tree,customer_segment,0.0,0.0
Decision tree,payment_type,0.0,0.0
Decision tree,main_department,0.0,0.0
Decision tree,order_country,-5.701078899900125e-06,2.515644779171222e-05
Decision tree,order_city,-0.005040423550789308,0.00048501780946898936
Decision tree,main_category,-0.00020776758670897343,3.855284816942272e-05
Decision tree,scheduled_days,0.08684140169815706,0.001752284415396836
Decision tree,n_lines,0.0,0.0
Decision tree,total_qty,0.0,0.0
Decision tree,order_value,-1.156258844470237e-05,4.407711671945243e-06
Decision tree,total_discount,-0.0004116917740113024,0.0002901416390281061
Decision tree,mean_discount_rate,6.143925157537921e-05,0.00014596198137010948
Decision tree,max_unit_price,0.0,0.0
Decision tree,n_categories,0.0,0.0
Decision tree,order_profit,0.0,0.0
Decision tree,profit_margin,0.00014523078259123245,0.00042225251868971344
Decision tree,weekday,0.0,0.0
Decision tree,hour,0.05260446717642984,0.0005409337370970438
Decision tree,month,0.0,0.0
Decision tree,cust_prior_orders,0.0,0.0
Decision tree,cust_prior_late_rate,-0.00017046872607227038,4.192714782699646e-05
Decision tree,city_prior_orders,-0.00021698841101782662,0.0004395151325028177
Decision tree,city_prior_late_rate,0.0,0.0
Decision tree,citymode_prior_orders,0.00035867091617420855,6.0897253240504646e-05
Decision tree,citymode_prior_late_rate,-0.005637786739705541,0.0007128993852160585
Gradient boosting,shipping_mode,0.2824814503824214,0.0004857681621274563
Gradient boosting,market,0.00011754657812126367,4.4207519460039686e-05
Gradient boosting,order_region,0.0004627001447284895,0.00023772626060485186
Gradient boosting,customer_segment,0.00016285546888339386,0.00014542542711531084
Gradient boosting,payment_type,-0.0003614994324965037,0.00022615002220376345
Gradient boosting,main_department,-0.0002447215686800508,0.0001145189702237202
Gradient boosting,order_country,-0.00026012167139857214,0.0005627429673710792
Gradient boosting,order_city,-0.0010774671311621243,0.0004114129892649331
Gradient boosting,main_category,0.0003212845717329493,0.000430328767426821
Gradient boosting,scheduled_days,-6.198778418533557e-05,0.00020749803372758526
Gradient boosting,n_lines,-0.00015254163120161923,0.0001070302133581086
Gradient boosting,total_qty,0.000310679355838106,0.00022049377190532516
Gradient boosting,order_value,0.0005781242784210549,0.00011587070866925743
Gradient boosting,total_discount,-0.0006673107085321872,0.0003250194401656412
Gradient boosting,mean_discount_rate,0.0002079439926467197,0.000203081034093186
Gradient boosting,max_unit_price,-0.00010393568431432687,0.00013208420107642377
Gradient boosting,n_categories,4.188322617415529e-06,2.2499959562046445e-05
Gradient boosting,order_profit,0.00018474290356516044,0.0006557528189795725
Gradient boosting,profit_margin,0.0003040649578206267,0.0006439592503110979
Gradient boosting,weekday,0.00028489959019233345,0.0003005146350471024
Gradient boosting,hour,0.0348946033416877,0.00037302481917047197
Gradient boosting,month,0.00027140534759055867,0.00020717548309525418
Gradient boosting,cust_prior_orders,-0.0003481737550635744,0.0002963261867500981
Gradient boosting,cust_prior_late_rate,0.0002813455483099192,0.0001842117165212116
Gradient boosting,city_prior_orders,-0.00032816935361057453,0.00013396328039864838
Gradient boosting,city_prior_late_rate,0.0007115049321160915,0.0002777995033336611
Gradient boosting,citymode_prior_orders,0.00010320041772731159,0.00017570316146233526
Gradient boosting,citymode_prior_late_rate,0.0017915355233059315,0.0006694830095583554
