alert_rate,Decision tree,Lookup: late rate by mode,Rule: + Same Day cut-off,Rule: First/Second Class
0.0,0.0,0.0,0.0,0.0
0.01,267.28075680178347,265.9451310592818,254.61162237464487,251.52120398842973
0.02,480.37881538882704,482.8016820675296,475.37471488804283,468.2524110577757
0.03,657.5349173393795,660.8603590725468,653.84387288186,638.6181694786823
0.04,817.8496568124117,811.1461264018135,813.7865656470199,786.7615116034818
0.05,951.2644913582137,953.3064145142486,942.3437277153658,911.4645028374251
0.06,1061.3355851465158,1065.4176485797116,1057.9029523610104,1019.0958350348756
0.07,1173.7299594649674,1169.6352378310569,1163.847022983342,1120.4614149301697
0.08,1258.9578395030005,1248.1238846531917,1256.251670414362,1197.2599871890172
0.09,1320.7628186462664,1330.7173425971168,1329.8512425317676,1258.725157563395
0.1,1401.739981029011,1417.8902397933784,1390.7727847954375,1320.3442963937464
0.11,1489.4722090277567,1496.1188234709066,1452.3315894021625,1372.1699594920756
0.12,1561.9630341468585,1571.1396744341625,1504.0277688901394,1414.6070362913756
0.13,1627.7636089775026,1627.3910715335167,1546.7919484931779,1458.8260543122858
0.14,1699.808707037999,1703.2847468418202,1592.1316207393238,1507.650990615558
0.15,1754.1501015675165,1760.7881788375043,1640.2172392716834,1543.8929197182244
0.16,1803.8579375496151,1805.3503604229,1677.2938530256556,1571.2513904420846
0.17,1856.2024020153533,1860.4713878845632,1706.1247115664855,1592.6455504180194
0.18,1901.9601611076232,1914.587687048424,1729.8550398066266,1613.615800944394
0.19,1957.1724342343857,1953.8801937341802,1750.7950172831222,1631.7448858035152
0.2,1990.3116132117907,1991.3046975937177,1771.722155334659,1645.9682985556544
0.21,2023.0802829112574,2033.0884676605613,1785.8562036846872,1652.568250669393
0.22,2057.538013339941,2066.044730993791,1796.8553790141093,1659.6874966728474
0.23,2085.6410357669633,2099.4522815121372,1805.6109555875282,1663.5163666654769
0.24,2119.297380561057,2124.5365209590204,1812.391143465099,1661.6111904803372
0.25,2151.452519619843,2159.0178516942206,1813.8767144431415,1658.346329607324
0.26,2175.229198335287,2194.7924651776784,1813.0045943566458,1653.160736830899
0.27,2198.600383409894,2216.7933347473654,1810.0276820780018,1640.6754199736515
0.28,2230.407943055725,2245.1552097246226,1805.444776217333,1621.2767849824074
0.29,2243.5305236564536,2260.0563790222436,1792.7050387971444,1594.3006170458768
0.3,2266.0165532474116,2273.7326140867626,1776.2610744661868,1564.8694281062174
0.31,2282.4081010331884,2292.880379199875,1749.3703457659808,1529.3368556807916
0.32,2300.2693380302812,2311.176188569239,1721.7451568356455,1493.9627318490159
0.33,2311.8224789506603,2328.4929139331216,1688.467974737807,1457.2151033309317
0.34,2331.8599785705997,2342.808567390483,1652.9638275415462,1416.5351266878963
0.35000000000000003,2342.3990191450102,2355.1643860494114,1617.1867784718065,1383.2059025235963
0.36,2349.9520691184352,2364.539954740104,1579.7592177098827,1400.8051795240444
0.37,2357.8851798466226,2367.7468225976836,1539.4063438705818,1408.4908859464983
0.38,2368.599368043248,2381.563940622804,1504.4272785594057,1413.217506125937
0.39,2376.7806517468425,2383.5092059903054,1518.6574456136718,1427.194789811443
0.4,2375.1962652108364,2381.5314128294217,1516.138983651185,1428.9845172916655
0.41000000000000003,2380.63179940224,2385.7172180779735,1521.8632183560228,1444.4189622746526
0.42,2385.905188554052,2391.524275342509,1527.918595330718,1456.3080054284198
0.43,2391.5498217211875,2396.587941043748,1535.153766867246,1461.9934129030796
0.44,2392.6311264519036,2399.4653670720563,1534.2598938213669,1469.3689115164364
0.45,2399.395269813174,2401.514258026455,1534.427093217924,1479.0517933614701
0.46,2399.058600179108,2399.420670212903,1537.950154874638,1486.1884907123408
0.47000000000000003,2393.14414070308,2396.8994281757527,1545.7845949151956,1488.9793817295736
0.48,2389.8119778764726,2387.0843820481587,1554.9253367993392,1504.2361281808298
0.49,2381.1431164059404,2381.1998033040004,1551.6001249419537,1518.9124796739154
0.5,2379.5230099546407,2375.9274139158033,1557.3011351154141,1544.9167941543958
0.51,2370.221008330426,2371.161690820641,1565.2247926818252,1559.8364120116476
0.52,2364.6241004345384,2364.95380400686,1591.3436912893073,1581.142957634504
0.53,2351.6697507494505,2351.086575660122,1600.9974282126407,1581.680993532811
0.54,2343.351543227357,2344.875907690113,1610.1899011695166,1585.843802865476
0.55,2334.2501208120475,2335.043574100805,1609.8138646137809,1591.375439116913
0.56,2317.482945989506,2321.395210113655,1613.3324613619707,1601.919468031293
0.5700000000000001,2301.241474475838,2309.8260751283983,1616.9490087619624,1615.767136973845
0.58,2292.8471992801774,2294.5972812166183,1622.8648273714994,1620.6361609012417
0.59,2277.991465882772,2278.347174292786,1632.7385733038084,1649.381367599605
0.6,2261.1289078720292,2264.44285186288,1638.3925458833055,1674.6283402941156
0.61,2243.6562869102722,2244.650826693159,1661.070960288839,1661.2277564209153
0.62,2221.240177585846,2225.835187118678,1682.883876838648,1621.3763638898315
0.63,2203.311804476969,2207.9068140097997,1651.1792740616338,1581.02674478566
0.64,2189.636470697973,2191.5104424717533,1611.6861245665075,1563.1039812250103
0.65,2170.6586196719913,2170.401107850795,1576.4072041376319,1557.2194024808523
0.66,2148.9828581144725,2149.9373603895247,1567.5653543098285,1548.7762909521603
0.67,2125.8471715871824,2125.698388787539,1557.9841867111127,1533.9598428329086
0.68,2102.706365698996,2105.657454467132,1545.4022432986121,1523.5587919797545
0.6900000000000001,2080.583814868968,2081.257859225641,1531.7538793114645,1596.4790023100097
0.7000000000000001,2055.7351565993654,2057.4681308983986,1558.6445104219536,1665.2664976611552
0.71,2032.6031175016933,2033.0846128182138,1631.4248842537293,1643.422572828211
0.72,2006.6560968732122,2008.2453258025193,1645.5262863232404,1637.9173026719034
0.73,1979.7010597121034,1981.8503542462634,1633.393978598122,1617.6797144933043
0.74,1953.4737773748357,1954.4531558226581,1618.8837643589172,1590.153457940758
0.75,1926.9713687997018,1926.6241654334221,1591.6846106101075,1587.8378657694739
0.76,1898.3697290375112,1899.3667546832817,1581.880064932282,1592.0236710180247
0.77,1868.3942574119258,1870.4962691187025,1579.968575592538,1577.012695203539
0.78,1840.9809330123348,1842.2631596318379,1564.4554315405048,1553.6312401501737
0.79,1808.7188982650844,1809.3702744652355,1541.2085629493138,1535.443587812113
0.8,1775.464433412349,1775.2534847899149,1520.7265298599214,1506.2629918583234
0.81,1741.0288002842863,1740.1856927888919,1490.83137785382,1482.700795674213
0.8200000000000001,1705.1312303109394,1704.9783097439451,1468.0839947237948,1445.3528190356233
0.8300000000000001,1668.75160887037,1669.1836789830938,1428.2836302346734,1405.6459732402516
0.84,1632.5720925265978,1632.9574359887758,1388.8808755613186,1373.0872725922136
0.85,1595.7961369266104,1596.0657514038426,1359.2688806401513,1346.9561749973304
0.86,1557.9232094716247,1557.848989846815,1325.188268747574,1308.7116751020685
0.87,1519.358770219828,1519.0825319058654,1284.7688786187514,1277.2938598667795
0.88,1479.955966481511,1480.0047865787633,1296.987182663825,1304.9194255331572
0.89,1440.4861066684261,1440.5999384479212,1291.040257788523,1295.3201365655407
0.9,1401.391450125977,1401.1892024659587,1286.7341792728448,1279.0315624692555
0.91,1361.1853146081642,1361.0836510570248,1273.035180185952,1271.9083439457504
0.92,1321.1393940404175,1321.1393940404175,1251.493350930694,1249.0065843363452
0.93,1280.6449501069396,1280.6277117892491,1220.1569022580184,1213.6101358733406
0.9400000000000001,1239.4640318768181,1239.4094547742116,1198.3983508886788,1197.7751872774486
0.9500000000000001,1198.0140225272962,1197.9241510322947,1158.8684677081656,1156.214388208693
0.96,1156.087964112874,1156.1117444866416,1118.1528859306966,1115.9979325999727
0.97,1114.202172053399,1114.2054430814355,1078.6830261176137,1076.2030143756729
0.98,1071.761204762239,1071.761204762239,1039.2131663045288,1037.1882363382902
0.99,1029.2378402762577,1029.2378402762577,1011.2360312561409,1011.5239962213511
1.0,986.387372986538,986.387372986538,986.387372986538,986.387372986538
